timeline,whole_dataset,MainAddressVoivodeshipFromTERCVerbose_DOLNOŚLĄSKIE,MainAddressVoivodeshipFromTERCVerbose_MAZOWIECKIE,MainAddressVoivodeshipFromTERCVerbose_KUJAWSKO-POMORSKIE,MainAddressVoivodeshipFromTERCVerbose_nan,MainAddressVoivodeshipFromTERCVerbose_MAŁOPOLSKIE,MainAddressVoivodeshipFromTERCVerbose_ZACHODNIOPOMORSKIE,MainAddressVoivodeshipFromTERCVerbose_ŁÓDZKIE,MainAddressVoivodeshipFromTERCVerbose_LUBELSKIE,MainAddressVoivodeshipFromTERCVerbose_POMORSKIE,MainAddressVoivodeshipFromTERCVerbose_PODKARPACKIE,MainAddressVoivodeshipFromTERCVerbose_ŚLĄSKIE,MainAddressVoivodeshipFromTERCVerbose_WARMIŃSKO-MAZURSKIE,MainAddressVoivodeshipFromTERCVerbose_ŚWIĘTOKRZYSKIE,MainAddressVoivodeshipFromTERCVerbose_PODLASKIE,MainAddressVoivodeshipFromTERCVerbose_WIELKOPOLSKIE,MainAddressVoivodeshipFromTERCVerbose_LUBUSKIE,MainAddressVoivodeshipFromTERCVerbose_OPOLSKIE,IsPhoneNoEncoded_0,IsPhoneNoEncoded_1,IsEmailEncoded_1,IsEmailEncoded_0,IsWWWEncoded_0,IsWWWEncoded_1,HasLicencesEncoded_0,HasLicencesEncoded_1,HasPolishCitizenshipEncoded_1,HasPolishCitizenshipEncoded_0,ShareholderInOtherCompaniesEncoded_0,ShareholderInOtherCompaniesEncoded_1,SexEncoded_0,SexEncoded_1,CommunityPropertyEncoded_0,CommunityPropertyEncoded_3,CommunityPropertyEncoded_1,CommunityPropertyEncoded_2
-2.0,0.9999790959703997,1.0,1.0,1.0,1.0,1.0,1.0,0.9998847793524595,1.0,1.0,0.9999141483516472,0.9999314528567016,0.999891845122215,1.0,1.0,1.0,1.0,1.0,0.9999788284362316,1.0,0.9999605133267526,0.9999892314484785,0.9999785906969447,1.0,0.9999782891094546,1.0,0.9999852927118036,0.9998671272920543,0.9999785345540029,1.0,0.9999886129425302,0.9999640894889924,0.9999794656974478,0.9999843551995484,0.9999535423925676,1.0
-1.0,0.9996202434622647,0.999690470926377,0.9996862393545504,0.999736391195466,1.0,0.9996411626330678,0.9995681677976557,0.9991934554672197,0.9997644657297624,0.9996602601436607,0.9994848901098904,0.999245981423724,0.9997836902444303,0.9997475703647597,0.9994766452963489,0.9999259012263352,0.9993652405738209,0.9998290306035232,0.9996153832582321,1.0,0.9993978282329713,0.9997415547634687,0.9996217689793474,0.9995571302037198,0.9996055854884396,1.0,0.99964702508328,0.9991363273983528,0.9996100443976979,1.0,0.9996583882758863,0.9995600962401688,0.9990964906876932,0.9999061311972965,0.9990243902439038,0.9985795454545459
0.0,0.9953279493843765,0.9961087773601592,0.9963917525773202,0.9953868459206541,0.9660449545671919,0.9951357601371557,0.9959901295496608,0.995045512155777,0.9958388945591581,0.995389244806834,0.9966517857142855,0.9954416149706953,0.9923210036772655,0.9976019184652268,0.9975140651576608,0.9982216294320329,0.9941602132791656,0.9977773978457868,0.9952681554980782,1.0,0.993859822309971,0.9961287057277931,0.9952935215448944,0.9967522881606137,0.9951512344450502,0.9999062529295951,0.9956907645583765,0.9887722561785818,0.9952561364343747,0.998001864926069,0.9957583210922467,0.9946493338600195,0.9914987987433003,0.997971390874908,0.9882926829268305,0.9903409090909092
1.0,0.9894155930124799,0.9927923944284759,0.9943298969072162,0.990246474232239,0.8676869121632388,0.9913081615565569,0.9881554595928443,0.9911280101394158,0.9922273690822014,0.9894195301883135,0.993475274725274,0.9918428899475611,0.9856154012545961,0.994320333207118,0.9937197435561951,0.9962209625430702,0.9888282340992758,0.9943580099162256,0.9892801315459823,1.0,0.9887265547877601,0.9897914131570176,0.9892810756033852,0.9949808089754937,0.9890142893844591,0.9998125058591917,0.9909072190724109,0.9624634600053147,0.9892279236831855,0.9964033568669256,0.9905088875983562,0.9876916723524971,0.984866219018871,0.9928711859280229,0.9796980255516854,0.9829545454545462
2.0,0.9838655731536519,0.9897413221313281,0.9917301658449132,0.9855015157506261,0.7779371911366171,0.9873609505203139,0.9821714990746454,0.9876713907132146,0.9890869121457165,0.9840807610172789,0.9908997252747255,0.9882098913527775,0.9794505732208527,0.990912533131389,0.9899254219547301,0.9937757030121153,0.9851466294274458,0.9904257137972312,0.9836590813658475,1.0,0.9835439289239893,0.9840410066441968,0.9836432924653529,0.9930617065249484,0.9832536664266408,0.9997187587887881,0.9863810511298865,0.9384134998671272,0.9835682010882983,0.9949380578127092,0.9855725981849028,0.9811739146048045,0.979609437565452,0.9877292615132685,0.9719860627177702,0.977556818181818
3.0,0.9780159288705557,0.9863807207605565,0.988458090542358,0.9804270462633459,0.6993464052287574,0.982536581476018,0.9763726095003075,0.983062564811613,0.9859464552092313,0.9790331974373908,0.9872081043956044,0.9839599684683125,0.9717715768981176,0.9867474441499421,0.9861311003532637,0.9908488014523361,0.980068554018026,0.9854676012993678,0.9777345721050522,1.0,0.9777097729516302,0.9781829146161556,0.9777200519532424,0.9902568644818427,0.977181854037682,0.9996250117183831,0.9812665916594966,0.9192798299229343,0.9775864968034382,0.9940055947782086,0.9801808264726316,0.9746022910906021,0.9747017392554257,0.9821388528189314,0.9638095238095241,0.9730113636363633
4.0,0.9718771121779906,0.9823126243643606,0.9852980726131784,0.974034532753395,0.6268133269567985,0.9775128583389805,0.9705737199259719,0.9786841802050924,0.981863861191803,0.9732090856144432,0.9819711538461531,0.9800870548719867,0.9644170452087382,0.9813202069922994,0.981159230668585,0.9869956652217405,0.9727053446743681,0.9813643357838958,0.9715171895454804,1.0,0.9715004935834154,0.9720825301788673,0.9715006494155265,0.9874520224387359,0.9708169446263729,0.9993437705071713,0.9757256208314034,0.9023385596598464,0.971343629592265,0.9917410416944189,0.9746808777143902,0.9674560994002929,0.9690958746586166,0.9761573241133306,0.9562833914053432,0.9678977272727266
5.0,0.9651704026812907,0.9770948485518468,0.9813088301210219,0.9674443126400432,0.541367766618842,0.9718910729237261,0.9626156693399128,0.9748242885125,0.9771531757870765,0.9674820423218798,0.9774210164835161,0.9760084998457679,0.9566298940082205,0.9766502587403759,0.9768415543634694,0.9829202326701499,0.9683889805763614,0.9779449478543337,0.9647246461702397,1.0,0.9649259624876605,0.9653037269956827,0.964692491043774,0.984942426926483,0.9638549857250882,0.9992500234367676,0.9697544618235563,0.8823412171140046,0.964485419595807,0.9906753696549889,0.9682528837723056,0.960309907709985,0.9635721472720177,0.969388340451717,0.9482694541231128,0.964204545454545
6.0,0.9576728240647198,0.9719212911784206,0.9770730614074407,0.9591406352972196,0.45879164673999645,0.9646744547665557,0.9565083281924729,0.9707915658485992,0.9718929104184645,0.960541642399534,0.9713255494505495,0.9702162662371034,0.9475448842742812,0.9719803104884501,0.9702996205678385,0.9774369234189181,0.961279675003173,0.9733287741494282,0.9571311119658142,1.0,0.9580157946692989,0.9574857585906126,0.9570458016356698,0.9836138175376441,0.9560752499466273,0.9990625292959588,0.9628971887018617,0.863273983523784,0.9568365656717435,0.9888104435859879,0.9611587469681973,0.9521761769669981,0.9584385716339142,0.9611122410133656,0.9411846689895478,0.9613636363636363
7.0,0.9498721370189467,0.9653769621932351,0.9722545943523087,0.9513641755634632,0.3900844890801845,0.9582153821617954,0.9493522516964839,0.9653761954142177,0.9656905079689078,0.9530188312948948,0.9646291208791201,0.9637042876238117,0.9397577330737621,0.9644074214312754,0.9621876226612585,0.9716572190730253,0.9535356100038079,0.9661480594973509,0.9492305900867668,1.0,0.9511154985192504,0.9491939739185694,0.949135064156545,0.9803661056982579,0.9479843247370264,0.9987812880847474,0.955583989646069,0.8466648950305605,0.9488764627807054,0.9869455175169844,0.9539279654744417,0.9434768556756554,0.9526889669192375,0.9526744786370237,0.9336817653890834,0.9562500000000002
8.0,0.9426288907625092,0.9592305991598501,0.9666293142088749,0.9429286938183741,0.34672405547584867,0.9517563095570354,0.9429981492905617,0.9592118907708259,0.9603517311768855,0.9462240341681236,0.9582760989010979,0.957226582582171,0.933160285528878,0.9582228953679152,0.9553840115138021,0.9656181690193023,0.9429986035292621,0.9596512224311861,0.9418946432415065,1.0,0.9442152023692013,0.9417636733682964,0.9417809685568702,0.977708886920578,0.9404723566086134,0.9985000468735354,0.948631119151095,0.8341748604836563,0.9414959269316224,0.9848141734381255,0.9473120850840941,0.9352443710273981,0.9465697447586198,0.9450502458841125,0.9266898954703843,0.9511363636363631
9.0,0.9351243441360713,0.9520672120274148,0.960578216046617,0.9346909186766834,0.30958074286625203,0.9449782704038914,0.934978408389883,0.951952989975803,0.953913794457092,0.9395748398369248,0.952352335164834,0.9500291325359008,0.9245078953060786,0.9538053767512306,0.9492345937459109,0.9595050201919164,0.9352545385298967,0.9507608138143269,0.9342940518491596,1.0,0.9373840078973358,0.9338918622056157,0.9341628248861736,0.9749040448774723,0.9326781469031221,0.9985000468735354,0.9413215969173522,0.8231464257241564,0.9338685384535582,0.9818835753296923,0.9404570764868657,0.926715624663338,0.940738002833733,0.9367845763127294,0.9204181184668989,0.9468750000000007
10.0,0.9276546375589673,0.9457881936767626,0.9538995965934564,0.926255436931594,0.28678463255220776,0.9379610063394596,0.9265885256014803,0.9449821407996312,0.9466122320797673,0.9316637546107557,0.9451407967032972,0.9433457860643651,0.914233181916504,0.9488829988640656,0.941776789218893,0.9533548219776958,0.9259870509077046,0.944776884937597,0.9267287463964228,1.0,0.9308094768015795,0.925933902630758,0.9265518176498287,0.9732801889577803,0.9249382144239922,0.9980313115215155,0.9339863369292648,0.8132474089821957,0.9262769257188255,0.9789529772212605,0.9335166649586084,0.9184113189930677,0.9346803835807713,0.928571056076179,0.914425087108015,0.9423295454545452
11.0,0.9201152508831959,0.9377846562016362,0.9473778574630212,0.9163701067615655,0.2753068707157657,0.9318607711016305,0.9186304750154219,0.9384721742136178,0.9384470440449072,0.9239953407105422,0.9381868131868124,0.9352572231552242,0.904823707549211,0.9418149690773697,0.9357582101269136,0.9459449446111674,0.917608226482162,0.9377671396819981,0.919092869064463,1.0,0.9240769990128345,0.9179544059528566,0.9189158328932532,0.9697372305875398,0.9171367677549848,0.9972813349582814,0.9264598821946216,0.8054743555673667,0.9186316493690946,0.9753563340881848,0.9265819469590867,0.9099184831400139,0.929074518983963,0.9201697982342237,0.9081533101045302,0.9394886363636372
12.0,0.9057785705824555,0.9237231925713024,0.9352980726131781,0.899894556478187,0.2708432966682607,0.9192615924404924,0.9017890191239971,0.9226293351768625,0.9219596451283647,0.9113764317608237,0.9218749999999989,0.9227816430750247,0.8834090417477828,0.9208633093525171,0.9183566662305379,0.9313845355859358,0.9019931445981966,0.9242605573602323,0.9045727049142719,1.0,0.9116683119447199,0.9025661458277261,0.9043539385981192,0.9647180395630358,0.9022684262137279,0.9967188525358576,0.9119658496768072,0.793980866330056,0.9040172582185839,0.9713600639403233,0.9143066990059103,0.8923313103745453,0.9184788188669168,0.9042433913755422,0.8960511033681766,0.9326704545454554
13.0,0.8925881279047887,0.909838602697325,0.9238009861048858,0.8846711480163432,0.26701737605611325,0.9073003468761216,0.8883405305367051,0.908053923263048,0.9057862919054716,0.8985148514851486,0.9059924450549451,0.9103060629948241,0.8663205710577544,0.9035718793386336,0.9051419599633649,0.9194546330258236,0.8867589183699364,0.9114378526243807,0.8912134481773037,1.0,0.8994076999012834,0.8888685482915698,0.8909552831023508,0.9601417183348093,0.8885869466889083,0.9962501171838378,0.898688845257268,0.7823545043848,0.8905763114493113,0.967497002797389,0.9027545292021095,0.8765576184149088,0.9063635803609927,0.8905541909812942,0.8835772357723582,0.9230113636363639
14.0,0.8817319685324672,0.898872429803228,0.9131779471089202,0.8699090549624361,0.2639885222381633,0.8986882500697732,0.8771745835903753,0.8965318585090447,0.8927533956190614,0.8883711900601828,0.8951751373626374,0.9006409157898337,0.8539909149902665,0.8871639530480872,0.8948057045662698,0.9085250639101919,0.8744445855020947,0.9018635664216106,0.880218349394317,1.0,0.88913129318855,0.8776961760873554,0.8799580377660098,0.9551225273103046,0.8773407053868331,0.9955001406206059,0.8877392691948501,0.7731862875365402,0.8795323394831848,0.9636339416544559,0.8931609332832301,0.8637106331023082,0.8967124581613585,0.8790917671845085,0.8737514518002325,0.9159090909090917
15.0,0.8714680899988156,0.8889674994472688,0.9045271178843581,0.8575194411493346,0.2606408417025345,0.8888002870698938,0.8660086366440458,0.88512501440258,0.8824683991520751,0.8786643370219369,0.883327609890109,0.8908729478698976,0.8433917369673376,0.8735327527451717,0.8814601596231848,0.897632544181394,0.8644153865684893,0.8907505556505392,0.8698231115847268,1.0,0.8798815399802564,0.866879166083371,0.8695566846980575,0.9505462060820784,0.8667385538375801,0.9940001874941397,0.8775066734320198,0.762357161838958,0.869103710302342,0.9595044625016659,0.8839203361459367,0.8518332315868846,0.8865890470030177,0.8686514703504956,0.8638095238095242,0.9093749999999997
16.0,0.8618835924271665,0.8804333407030737,0.8961004034065441,0.8444708053248985,0.2582496413199423,0.8798692237151625,0.8547193090684754,0.8753312593616768,0.8735966083065072,0.8679867986798684,0.8722527472527466,0.8816533570963416,0.8308457711442782,0.8629307080651258,0.8713855815779135,0.888629543181061,0.8531166687825301,0.881860147033682,0.8601159495975639,1.0,0.8706219151036526,0.8571174741285563,0.8598832479340021,0.9446412754650135,0.8568492431945399,0.9923127402268672,0.8679837043246783,0.7516609088493227,0.8593941735624414,0.9545757293193032,0.875175076008609,0.8409254138686386,0.8780262428386616,0.8587952460666355,0.8541695702671324,0.9011363636363644
17.0,0.852630075324187,0.8721202741543218,0.8880995069475571,0.8334651377356009,0.2564960943727083,0.8703002272636646,0.8438001233806296,0.8648461804355334,0.8633901232629342,0.8586196854979623,0.8596325549450546,0.8726051341810321,0.821219987021415,0.8528335226555586,0.861834358236294,0.8802563817568815,0.8430874698489266,0.8727987690203465,0.8507440040367109,1.0,0.8620730503455095,0.8474796205162444,0.8505345189329601,0.9393268379096545,0.8472928328731831,0.9909065341708071,0.858736496871025,0.7422933829391439,0.8500030409381836,0.9504462501665113,0.8663956546988704,0.8309243365533078,0.8698741247253535,0.8492049833904365,0.8449477351916389,0.8946022727272723
18.0,0.8428469894713367,0.8614636303338497,0.879403854773644,0.8216686437327012,0.25394548063127675,0.8613292930903867,0.8345465761875381,0.8530360640626788,0.8536547067598328,0.8499320520287326,0.848643543956044,0.8626657984028503,0.8114860480207654,0.8423576927931332,0.8494046840245972,0.8704753436330636,0.831407896407261,0.8627115746281425,0.8408357121937615,1.0,0.8530602171767038,0.837276417949023,0.8406469891383468,0.9338647770888687,0.8372189796605136,0.9886566044811088,0.849081162169914,0.7302019665160774,0.840050229143636,0.9469828160383646,0.8569159293546954,0.82066290803318,0.8610443746278162,0.8389889286962141,0.8357259001161442,0.8883522727272728
19.0,0.8331440357319546,0.8529736900287422,0.8703272075302556,0.8095426387241336,0.2510760401721662,0.852956421195326,0.8233806292412091,0.8434727503168566,0.8426631074821384,0.8398854591341486,0.8376545329670326,0.8531377454844565,0.8003460956089119,0.8317556481130872,0.8384142352479393,0.8613611944722316,0.8185857559984766,0.8527953496324164,0.8310085780119195,1.0,0.84441263573544,0.8269978355211443,0.8308379601216048,0.9285503395335102,0.8271921667106905,0.9873441454954526,0.8395067175538845,0.7181769864469839,0.8301653912614173,0.9440522179299321,0.8482105239185139,0.8093870075771177,0.8526047762787732,0.8286946499997393,0.8268524970964002,0.8832386363636364
20.0,0.8233504978643045,0.8425823568428039,0.861922904527118,0.7985369711348367,0.2478877729953768,0.8432678122881858,0.8132634176434298,0.8328148404194022,0.831435973934207,0.8292564550572701,0.8265796703296695,0.8441923432840932,0.7900713822193383,0.8196390256216068,0.828732173230406,0.8516913045089106,0.8066522787863397,0.8442468798085142,0.8210897003870857,1.0,0.835488647581441,0.8167300216447885,0.8209468621098154,0.9227930321818724,0.8170821286804482,0.9857504452985845,0.8299212424717063,0.7046239702365137,0.8201946915952052,0.940855201811643,0.8392546032179823,0.7982727044205833,0.8446580011909888,0.8180926902277358,0.818234610917539,0.8775568181818185
21.0,0.8138705204406578,0.8338713243422514,0.8536754818467055,0.7879267167523395,0.24517774589510571,0.8332602368326623,0.8033929673041328,0.8229634750547292,0.8227212059354634,0.8196466705494078,0.8162774725274726,0.8344586489358046,0.7797966688297638,0.8096680550296593,0.8185267565092232,0.841058130487941,0.7963691760822649,0.833475807830399,0.811488396218758,1.0,0.8270681145113532,0.8066721945231154,0.8113733354266869,0.9171833480956605,0.8073086094536456,0.9838755038905025,0.8206152058652673,0.6920010629816642,0.8105245081729698,0.9384574397229257,0.8305264236668607,0.7876072826516317,0.8372451179695679,0.8075741693914684,0.81075493612079,0.87159090909091
22.0,0.8033000494728708,0.822993588326332,0.8443074854325425,0.7756689073415053,0.24342419894787165,0.8222558909134402,0.7923504009870455,0.8131121096900559,0.811337049540707,0.8089205979421479,0.8054601648351646,0.8237995681529969,0.7685485615401249,0.7965417139972232,0.8074054690566532,0.8302397095328068,0.7850704582963048,0.8215079500769361,0.8007826421405864,1.0,0.8173938795656472,0.7956128921098826,0.8006758203331291,0.9118689105403003,0.796391649991496,0.9822818036936344,0.8102759822630098,0.6772521923996812,0.7997130785384897,0.9368589316637812,0.8206082966100727,0.7760081875965092,0.8292983428817838,0.7957884197187054,0.8021835075493614,0.8664772727272725
23.0,0.7889842732017305,0.8084015034269295,0.8326535186015249,0.758995650454725,0.2391200382592059,0.8064670467684699,0.7785934608266496,0.7968659983869102,0.7962628562455826,0.7940205785284418,0.7901785714285714,0.8104328752099249,0.7525416396279468,0.7825318692414481,0.79118147324349,0.8143825719684334,0.7707248952646938,0.8066336125833481,0.7862836495541616,1.0,0.8043237907206319,0.7806176841153102,0.7861781539471614,0.9050782403306763,0.7815992965671461,0.9803131152151499,0.7961753697044571,0.6590486314111087,0.7850629116446474,0.9349940055947797,0.8073708423006422,0.7599920996875784,0.8181892852009278,0.780247917937806,0.7893147502903606,0.8568181818181823
24.0,0.7639168577062703,0.7835065222197664,0.8109143881667416,0.7259786476868334,0.23210585047026921,0.7796738567042776,0.7555829734731642,0.7697315358912309,0.7676846981235768,0.7704329256455061,0.764423076923077,0.7864071014840452,0.7276660177373996,0.7574151205351508,0.7634436739500186,0.7855581490126342,0.744699758791418,0.785091468627116,0.760895416003585,1.0,0.7826752221125375,0.7536855367584514,0.7608723577351816,0.8898730439917326,0.7556764932569591,0.9774069560326234,0.7717061189672543,0.6231730002657455,0.759390238230676,0.932463034501133,0.7853995149113527,0.7300427335080969,0.79642292449537,0.7533492910297931,0.7678281068524972,0.8420454545454545
25.0,0.7486987241573932,0.7697545876630556,0.7982743164500222,0.7087781731909849,0.2281205164992824,0.7623300506359391,0.7418260333127691,0.7528517110266159,0.7488419565046704,0.755047563579888,0.7473385989010987,0.7714638242451246,0.7134977287475668,0.7389877571626904,0.7442103885908671,0.7704049497980805,0.7276882061698613,0.7685074371687477,0.7454825175812188,1.0,0.7686574531095753,0.7378126918148243,0.7454647959693423,0.8824918807204011,0.7399505715391931,0.9753445204837338,0.7568591115327196,0.6012490034546903,0.7438063244359058,0.9308645264419888,0.7716097883146016,0.7125722699033998,0.7818641039857084,0.7375167529738149,0.7543089430894314,0.8303977272727276
26.0,0.7386682739542757,0.7600265310634541,0.7894890183774104,0.6962567549756162,0.22604814283436933,0.7520832502691279,0.7293028994447865,0.7415024772439218,0.7380073800737997,0.7443214909726263,0.7357486263736265,0.7618672241834317,0.7034393251135624,0.7290167865707429,0.7358367133324603,0.7611796524767516,0.7163894883839019,0.7584202427765431,0.7353236955670271,1.0,0.7594076999012842,0.7273564282868312,0.7353346274067629,0.8765869501033365,0.7296089506764746,0.9733758320052495,0.7469133078897251,0.589689077863407,0.7335100655053861,0.9307313174370592,0.7620503535681348,0.7017991166014284,0.772829010862646,0.7270399516054165,0.744924506387922,0.8230113636363638
27.0,0.7296481851818307,0.7515365907583459,0.7805244285073959,0.6868327402135234,0.22429459588713518,0.742873091184562,0.7197409006785939,0.732169604793179,0.7288215435345838,0.7335954183653659,0.7273351648351642,0.7524077184083349,0.6943543153796231,0.719676890066894,0.7270705220463166,0.7531028861472345,0.7059794337945906,0.7485040177808177,0.7261881658015724,1.0,0.7500789733464965,0.7185046789356375,0.7262214007393342,0.8714201358134036,0.7202877416693498,0.9721571200899963,0.738008044886644,0.578594206749934,0.724262035854451,0.9301984814173443,0.7532993999020713,0.6923546522067,0.7640197950676607,0.717819949206547,0.736492450638793,0.8147727272727273
28.0,0.7210078529471204,0.7413221313287647,0.7736889287315116,0.6766178990378284,0.22254104893990098,0.7339420278298312,0.7099321406539176,0.7225486807235848,0.7197142184187793,0.7239856338575036,0.7183207417582418,0.743770778352811,0.6858100800346099,0.7110942824687609,0.717257621352871,0.7451002185913828,0.6976006093690491,0.7394426397674818,0.7174372527778848,1.0,0.7417966436327743,0.709669082411726,0.7175078143956152,0.8658104517271917,0.7113826580643287,0.9703759257523197,0.7294998786648721,0.5675657719904329,0.7154039618058164,0.9296656453976296,0.744787574442888,0.683511688871332,0.7556417996262761,0.7091527297569317,0.727642276422765,0.8065340909090913
29.0,0.7122699685742758,0.7319478222418747,0.765307037203049,0.667655199683669,0.22062808863382727,0.7260077349387974,0.7013571869216527,0.7143104044244721,0.710606893302975,0.7139875752281108,0.7093921703296706,0.7345511875792572,0.6773739995673805,0.7012495266944332,0.7079680753630767,0.7359860694305518,0.6889678811730349,0.7296973841682345,0.7085875391232852,1.0,0.7326653504442258,0.7011457738819559,0.7086907497537934,0.8603483909064068,0.7023798754518581,0.9685009843442393,0.7208483163831838,0.5572681371246344,0.7064492932501915,0.9289996003729859,0.7359227502021205,0.6749739648795194,0.7472843384874427,0.7007097524471071,0.7169570267131253,0.8002840909090913
30.0,0.7030025154515614,0.7207605571523322,0.755939040788885,0.6553973902728355,0.21887454168659312,0.7178342171364774,0.6922270203578034,0.7056112455351992,0.7020491481510556,0.7049602019025438,0.6992616758241751,0.7250916818041603,0.667207441055592,0.6919096301905834,0.6997252387805833,0.7270571672038834,0.6786847784689591,0.7218327919302446,0.6992014791865876,1.0,0.7234254689042454,0.6918632824698752,0.6993848393588631,0.8526719811042219,0.6928307020940154,0.9665322958657543,0.7116893526587096,0.5460403933032151,0.6969508333959412,0.9283335553483428,0.726443024857947,0.6660412252666347,0.7387831372307433,0.6913802364450834,0.706898954703833,0.7934659090909095
31.0,0.6936967382745811,0.7112535927481755,0.7468175705961455,0.6455779623039413,0.21759923481587742,0.7089430246002951,0.6816779765576808,0.6959327111418364,0.6921567088011304,0.6955930887206372,0.6904189560439552,0.715186619597628,0.6575816569327273,0.680424081787201,0.6918749182258277,0.7180912155903827,0.6685286276501198,0.7120875363309975,0.689776604716318,1.0,0.7135538005923003,0.6828661576731322,0.6899968599688853,0.8467670504871567,0.683252580882113,0.964282366176056,0.7025083280019414,0.5344804677119318,0.6874022875010286,0.9280671373384843,0.7172536694792708,0.6565518727331482,0.7297275098051287,0.6824887748556768,0.695238095238096,0.7869318181818185
32.0,0.6839937845351997,0.7017024099049305,0.7368220528910805,0.6364175563463825,0.21680216802167995,0.6996531238786328,0.6705120296113511,0.6862541767484732,0.6820287351809676,0.6843816734614636,0.680717719780219,0.7052472838194467,0.6482803374432192,0.6705793260128732,0.6846787910506339,0.7075321403430771,0.6604037069950489,0.7008035561634471,0.6799494705344756,1.0,0.7030207305034555,0.6736159719156183,0.6802413542097824,0.839238263950398,0.6732149124870183,0.9632511484016129,0.6929632979623058,0.5219239968110547,0.6774852514498123,0.9263354202744116,0.7075177353420111,0.6469009229001325,0.7205486765642004,0.673211408188488,0.6827177700348441,0.7812499999999999
33.0,0.6734058935427456,0.6906920185717448,0.7262438368444647,0.6245551601423487,0.21584568786864322,0.6898847733343961,0.6598396051819865,0.6759419287936393,0.671900761560807,0.6728305183459529,0.6711881868131863,0.6933543544572772,0.6360588362535153,0.6604821406033061,0.6753892450608399,0.6968989663221075,0.647327662815792,0.6912292699606776,0.6692260734864969,1.0,0.6916288252714715,0.6634666121060067,0.6695581119849273,0.8325952170061998,0.6622762421343252,0.9617511952751466,0.6826056902498034,0.5071751262290723,0.6666666666666671,0.9243372852004798,0.6963584190209405,0.6372140625561101,0.7101172508675735,0.6629797086938152,0.6703832752613244,0.7704545454545455
34.0,0.662946910732826,0.6786203847004195,0.7156880322725244,0.6134835903519181,0.21457038099792747,0.6802759060643506,0.6479950647748296,0.665111187924876,0.6619298107874695,0.6620073772083095,0.6642342032967031,0.6815642458100555,0.6209171533636169,0.6527830367285116,0.6649221509878316,0.6869326812641255,0.6376793195378949,0.680971106171995,0.6586332344150821,1.0,0.680848963474828,0.6531826454023678,0.6590425759673435,0.824475937407735,0.6514569816796262,0.9606262304302988,0.6723841249531208,0.4924262556470897,0.6560090727285085,0.9212734780871191,0.6857741491021311,0.6269526340359821,0.7006509373909116,0.6524351131901309,0.6590243902439028,0.7619318181818182
35.0,0.6522719196170378,0.6664603139509172,0.7047960555804579,0.6026097271648879,0.2132950741272116,0.6703879430644704,0.6357186921653294,0.6543380573798816,0.6521158828609551,0.6500679479712682,0.6539320054945054,0.6706652500257043,0.6094527363184077,0.6436955698599016,0.6556326049980369,0.6767440998851476,0.6257458423257575,0.6691742178150114,0.6478216225180753,1.0,0.6696742349457064,0.642780224631985,0.6482736965302659,0.8176852671981107,0.6404748895458442,0.9579075653885817,0.6620890232154542,0.47488705819824645,0.6451082037357035,0.9190089250033313,0.6750703150798806,0.6163231227780367,0.6925193535801549,0.6410874179299836,0.6479907084785139,0.7571022727272727
36.0,0.6407677353271132,0.6547866460313956,0.692626624831915,0.591208646368789,0.21201976725649596,0.6593437263267007,0.6217149907464524,0.643104044244728,0.6396325665384307,0.6382741215298001,0.6427712912087914,0.6583610378037495,0.5989617131732641,0.6329673103622357,0.6449038335732034,0.6657404319958509,0.6135584613431504,0.657719268250983,0.6361702052583107,1.0,0.6584402764067125,0.6311286518850353,0.6366841271427138,0.8097136108650729,0.62862436179028,0.9553763944876718,0.6510328193136113,0.45528833377624245,0.6333558720516317,0.9167443719195424,0.6636206287933138,0.6047330053506652,0.6832173145239117,0.6285976522369455,0.6379790940766558,0.7505681818181819
37.0,0.6299289959794588,0.6436435993809423,0.6829896907216505,0.5797416633715566,0.2104256336681012,0.6492962800526287,0.6096236890808144,0.6313515381956445,0.6280128758734388,0.6274024461269657,0.6303228021978019,0.6469136648730162,0.5859831278390657,0.6222390508645715,0.6322124820096814,0.6545885665592241,0.6023866954424271,0.6489998290306036,0.6251927494451283,1.0,0.6473346495557758,0.6204354802235561,0.625736836846838,0.8033658104517271,0.617490293422685,0.9521889940939335,0.6405575532955352,0.43788200903534413,0.6222797019165074,0.914746236845612,0.6526719730354479,0.5940675835817137,0.6745723731493454,0.6169005564334027,0.6281533101045306,0.7437499999999998
38.0,0.6196267933915395,0.6332080477559139,0.6720753025549088,0.5688678001845264,0.208990913438546,0.6392089629600088,0.5966687230104872,0.622018665744901,0.6184344822171626,0.6163851679285578,0.6201064560439556,0.6373170648113239,0.5751676400605669,0.6117632210021458,0.6216145492607607,0.64543736801156,0.588168084296051,0.6380577876560101,0.6147586971019652,1.0,0.6380454096742352,0.6095807802892442,0.6152962333899491,0.7987894892235012,0.6068664309828875,0.950220305615449,0.6306485178730323,0.42047568429444576,0.6117616333773378,0.9124816837618227,0.6424577824844286,0.5836266025065527,0.6668309410870855,0.605474637171003,0.6196283391405351,0.7374999999999998
39.0,0.6093768508776211,0.6215343798363918,0.6619453160017927,0.5576644259918281,0.20771560656783022,0.6298393206012513,0.5847624922887106,0.6114759764949871,0.6079924629033524,0.606629780625121,0.6100618131868125,0.6265894368852176,0.5645684620376382,0.6017922504101975,0.6124558419468791,0.6356192805009077,0.5761076551986796,0.6267738074884598,0.6043775736682198,1.0,0.6279368213228044,0.5992537393795169,0.6049448353624589,0.79273693534101,0.5963185566599963,0.9476891347145406,0.6206255009670042,0.4061254318363008,0.6012936508788314,0.9103503396829626,0.6323688495655838,0.5731227780371306,0.6585556171584628,0.5941738763122077,0.6115911730545887,0.7301136363636361
40.0,0.5995763450001047,0.6098607119168689,0.6529583146571049,0.5469882694081988,0.2067591264147934,0.6212670946134523,0.5717458359037632,0.6019702730729344,0.5985710920938997,0.5965346534653467,0.5993303571428573,0.6158275353874617,0.5541855937702794,0.5927047835415877,0.604082166688473,0.6272831684635619,0.5629046591341872,0.6163446743032998,0.5944516388554647,1.0,0.6184304047384009,0.5892928292215418,0.5950680102193742,0.7860938883968117,0.5862121371115109,0.9458141933064587,0.6110400258848271,0.3924395429178845,0.5913014857666212,0.9076861595843879,0.6224507225087972,0.5635077387151212,0.6511016653319371,0.5833581042673801,0.6036236933797913,0.7207386363636363
41.0,0.5904134120253912,0.5980101702409905,0.6445988346033178,0.5384209832608413,0.20596205962059605,0.6120968063474336,0.5599629858112272,0.5922341283558014,0.5887571641673859,0.5870704717530582,0.5908310439560437,0.6072934160468862,0.5445598096474149,0.5818503092263029,0.5976710715687552,0.6184654143973924,0.552113748889171,0.6079671738758767,0.5851714367376024,1.0,0.6092892398815406,0.5801180233246828,0.5858477370366666,0.7793032181871864,0.5767751366881482,0.9437517577575699,0.6020281350423199,0.3805474355567368,0.58194255131136,0.9058212335153862,0.612993771279564,0.5548084174237797,0.6429290129160758,0.5738773551943341,0.5944250871080143,0.7156250000000004
42.0,0.580787106394543,0.5854521335396857,0.635835948005379,0.528206142085146,0.20500557946755915,0.6021689725290053,0.5489204194941388,0.581000115220647,0.5794143047813448,0.5794020578528446,0.580013736263736,0.5975939952702467,0.5343932511356264,0.570995834911018,0.5875964935234851,0.6096476603312219,0.5424654056112731,0.5999316122414096,0.5754219316229054,1.0,0.5995557749259628,0.5705501652972664,0.5761671638382594,0.7719220549158541,0.5668785890815927,0.9411268397862568,0.5924941354688311,0.3692532553813449,0.5720970667468047,0.9043559344611705,0.6032009018549521,0.5454447516788155,0.6346536889874539,0.5638907575733865,0.5845528455284561,0.7099431818181817
43.0,0.5723906545051672,0.5758125138182622,0.6283281039892432,0.520627388954791,0.20404909931452236,0.5931980383557276,0.5389882788402219,0.5724737873026838,0.5713276281698985,0.5705202873228499,0.5710851648351644,0.5899509887925414,0.5261734804239666,0.5598889309604942,0.5796153342928162,0.6010151531992147,0.5329440142186108,0.5903573260386397,0.5669180201764995,1.0,0.5911944718657453,0.5621345422827183,0.5677069209140344,0.766164747564216,0.5582340361631066,0.9391581513077717,0.5840889202644366,0.3610151474887057,0.5635216210704816,0.9026242173970974,0.5945239640624475,0.5374905734908603,0.6274872173966607,0.5552652575916389,0.5756794425087114,0.7028409090909089
44.0,0.564586483454461,0.5672783550740654,0.6214701927386822,0.5128509292210364,0.20309261916148555,0.5857023244687205,0.5294879703886488,0.565387717478972,0.562377325900918,0.5617841195884297,0.5619848901098895,0.5823079823148364,0.5180618645900934,0.5510538937271235,0.5730734004971869,0.592567893001371,0.5253269011044809,0.5824927338006495,0.5590139697034924,1.0,0.5834254689042451,0.5543111896018871,0.5598711159956035,0.759669323885444,0.5501865327345952,0.937658198181307,0.5762719965879091,0.35344140313579575,0.5555293200104469,0.9018249633675246,0.586376524442319,0.5302276726397809,0.6208751719747833,0.5468848594836172,0.5689198606271785,0.6971590909090909
45.0,0.5569390926257556,0.5597170019898295,0.6145002241147467,0.505535784895216,0.2014984855730909,0.57792751485188,0.5204194941394202,0.5558244037331485,0.5545261835597073,0.5545039798097461,0.5534855769230763,0.5749391644103226,0.5087605451005841,0.5429761453994691,0.5666623053774693,0.5847875217665146,0.5173289323346444,0.574286202769705,0.5512687059587366,1.0,0.5758144126357361,0.5466439809181274,0.5521851761985642,0.7536167700029529,0.5423163349121974,0.9357832567732249,0.568510225242119,0.34786074940207273,0.5477123200927314,0.9004928733182374,0.5785365353738938,0.5228839731389376,0.6141604550401445,0.5388642917859583,0.5616724738675959,0.6920454545454549
46.0,0.5497724944778519,0.5523325226619501,0.6078440161362617,0.49802293396599495,0.20054200542005396,0.5699533511422982,0.5127082048118444,0.5489111648807462,0.5474601554526175,0.5467384973791493,0.546960851648351,0.5666792336429376,0.5001081548777853,0.5371702637889686,0.5611670809891397,0.5773776443999855,0.5108543861876341,0.5671054881176271,0.5440103881806212,1.0,0.5686771964461996,0.5394613570528636,0.5449952185889845,0.7474165928550335,0.5349382506088095,0.9340958095059523,0.5611859957201795,0.3435423863938347,0.5403782927099768,0.8995604102837363,0.5712829797651994,0.5158544906094007,0.6075278753157146,0.5314695161063221,0.5547735191637634,0.6866477272727276
47.0,0.5418254792248786,0.5434888348441301,0.5997534737785755,0.48952155001977105,0.19974493862585668,0.561859574977074,0.5046267735965455,0.5425164189422743,0.5385098531836374,0.5388274121529805,0.5382039835164834,0.5587277650203928,0.4917802292883405,0.529218730278934,0.553709276462122,0.569078581749472,0.5024755617620916,0.5597538040690715,0.5359616653552055,1.0,0.5601776900296157,0.5318156854721477,0.537023821417867,0.7404782993799819,0.5267532448735155,0.9323146151682761,0.5530381580592264,0.3392240233855969,0.5322500438252855,0.8983615292393767,0.563414523053098,0.507783603260674,0.6000328548840838,0.5236001814796849,0.545946573751452,0.6789772727272726
48.0,0.5330771428372341,0.5334512491709046,0.5913939937247878,0.4818109924871492,0.19910728519049878,0.5525696742554125,0.4948797038864895,0.535142297499712,0.5306587108424268,0.5308192583964275,0.5282451923076926,0.5493368063885937,0.4833441488211122,0.5213934115865199,0.5453356012037152,0.5590752473046571,0.49219245905801623,0.5493246708839117,0.5271013659187219,1.0,0.5507699901283316,0.5234269838364044,0.5282531435993322,0.7326542663123702,0.5177649361880743,0.9297834442673657,0.5440336208608172,0.33510496943927714,0.5232846425466611,0.8976954842147331,0.5547774399617397,0.4988598412755405,0.5912441733916507,0.5151780639037947,0.535679442508711,0.6715909090909089
49.0,0.5255830482255961,0.5256688038912228,0.5839533841326765,0.4745617503624625,0.19831021839630145,0.5451138311869536,0.4873534855027757,0.5287475515612391,0.5233571484651016,0.5221801591923896,0.5202609890109888,0.5412139699078039,0.47555699762059306,0.5144515966174422,0.5373544419730469,0.5513319254566336,0.4845753459438865,0.5407762010600102,0.5195113603082581,1.0,0.5425962487660422,0.5163035870045123,0.5207527510954431,0.7254207263064657,0.5100539515630029,0.9279085028592851,0.536330678667814,0.3313845336167952,0.5156179007509334,0.8966298121753042,0.5472619820312232,0.4913994326139254,0.5828045750426082,0.5083517159738625,0.5261788617886183,0.6653409090909091
50.0,0.5177126810811568,0.5173999557815607,0.5758852532496644,0.46711480163437485,0.19719432488442507,0.5365814760177019,0.4793337446020974,0.5213734301186768,0.5147994033131813,0.5147058823529412,0.5132211538461535,0.5332282277136093,0.4688513951979237,0.505111700113593,0.5300274761219413,0.54218072690897,0.4774660403706989,0.5327406394255427,0.511540266549988,1.0,0.5335932872655482,0.5090509675543551,0.512906241525484,0.7165633303808686,0.5019666448351602,0.9256585731695885,0.5282012251171069,0.32819558862609644,0.507568358501569,0.895430931130945,0.5391202359398314,0.4839569792078135,0.5731123842378695,0.5014888635095457,0.515865272938444,0.6576704545454547
51.0,0.5094799774236484,0.5078487729383155,0.5675930076199022,0.45874522209041824,0.1962378447313884,0.5274111877516838,0.4713140037014185,0.5130775434957936,0.5071052838187956,0.5059211803533297,0.5055803571428569,0.5250025705178734,0.46225394765303923,0.49551937397450446,0.5233547036503987,0.5334370716164653,0.4703567347975113,0.523850230808686,0.5032021990197563,1.0,0.5238499506416591,0.5016422041071261,0.5047457288440401,0.7053439622084443,0.49350301600454477,0.9234086434798904,0.5196893820732862,0.3250066436353971,0.49914317094723454,0.8943652590915155,0.5304660722622669,0.47638883901317863,0.5630095073820814,0.49438612410498706,0.5049245063879217,0.646875
52.0,0.5013274058796066,0.49834180853415855,0.559121470192739,0.45195729537366564,0.19528136457835144,0.5182807703042144,0.46162862430598384,0.5063947459384718,0.49831200439663903,0.4989807804309845,0.49648008241758246,0.5170853754669773,0.4552238805970151,0.4866843367411331,0.5165510925029438,0.524508169389797,0.46134315094579076,0.5161566079671743,0.4949452891506321,1.0,0.5149457058242844,0.49389961556271134,0.49659948903130036,0.696929436079126,0.4851334676996226,0.9208774725789822,0.5112400450043016,0.3222163167685359,0.49081457789989286,0.8927667510323702,0.5219257791594073,0.4688476317017985,0.5542208258896482,0.487053927627153,0.49363530778164966,0.6411931818181816
53.0,0.4934291666957003,0.4890117178863589,0.5512102196324519,0.4457624884671148,0.19416547106647525,0.5095091902236747,0.45194324491054905,0.49971194838114996,0.4904608620554285,0.48971073577946067,0.4897836538461538,0.509099633272783,0.4480856586632056,0.4760822920610873,0.5088316106241,0.5173946871179287,0.45359908594642556,0.5084629851256628,0.486945966640672,1.0,0.5065350444225075,0.48628086536080095,0.4886530693804149,0.6910245054620607,0.4770244500812344,0.9184400487484756,0.5030922073433486,0.31882806271591824,0.48275072535319596,0.8910350339682966,0.5135733725048109,0.4616655295004845,0.5473623688371423,0.47901250019555935,0.4852264808362373,0.6329545454545458
54.0,0.48538459930459266,0.4802122485076277,0.5432541461228153,0.4385791485435613,0.19304957755459884,0.5009768350544234,0.4437384330660086,0.4914160617582669,0.48300227683127844,0.48141137643176063,0.480769230769231,0.5012509853651843,0.4402985074626868,0.4687618326391517,0.5018971608007322,0.5087621799859211,0.4439507426685284,0.4988886989228929,0.47879844318434417,1.0,0.4977591312931891,0.47863519378008523,0.4806352853860099,0.6818718630056096,0.4687887856013375,0.9153463954251431,0.4947752358681347,0.3157055540791923,0.4745366146845117,0.8893033169042233,0.5050330794019519,0.4544026286494052,0.5401548286412452,0.4710075772983515,0.47593495934959423,0.6264204545454547
55.0,0.4775246841749533,0.47088215785982757,0.5348722545943524,0.43172531962567556,0.19257133747808053,0.4922451257924321,0.43621221468229504,0.48467565387717476,0.4761717829944254,0.47340322267520896,0.4728708791208793,0.4926483188813102,0.43164611723988716,0.4620724473053131,0.49561690435692723,0.5005372161090733,0.43607972578392745,0.49102410668490365,0.470837935207957,1.0,0.48945705824284336,0.47101644357817507,0.47272811612405946,0.6759669323885441,0.4607268082457958,0.9127214774538291,0.48664578231742767,0.31271591815041194,0.46650138273248026,0.8879712268549368,0.49684009155194225,0.4470679067763132,0.53304995995811,0.4630130842681102,0.4675493612078986,0.6218750000000001
56.0,0.469912133395581,0.46309971258014593,0.5270058269834155,0.4250032951100566,0.1919336840427226,0.48458992863123435,0.4271437384330662,0.4778200253485423,0.4674570149956819,0.466414288487672,0.46454326923076894,0.48418274668403133,0.42385896603936873,0.4557617064243337,0.48842077718173466,0.492349301619058,0.4293512758664461,0.48350145323987015,0.4631314859967745,0.9997242900468712,0.48144126357354405,0.46362383295822934,0.4651135406705396,0.6684381458517864,0.45294345398557617,0.9095340770600909,0.4788067977086045,0.3091947913898484,0.45872015855809445,0.8866391368056491,0.48894886072490024,0.4398947822027501,0.526047762787737,0.45542014111610013,0.45900116144018654,0.6161931818181822
57.0,0.46331342805181425,0.4555825779349992,0.5195876288659793,0.4194675102148411,0.19081779053084627,0.47884853076033634,0.4202344231955579,0.4717709413526902,0.46141163539294955,0.4602504368083866,0.45904876373626335,0.47640264591973097,0.41769413800562377,0.4494509655433547,0.48240219808975543,0.4849023748656961,0.42313063348990726,0.4761497691913152,0.45645185762829066,0.9994485800937422,0.4741066140177689,0.4574265315572408,0.45849806602629034,0.6625332152347214,0.4461841300627077,0.9070966532295868,0.47202306102789265,0.3059394100451768,0.4519656982172949,0.8858398827760766,0.4823272868058167,0.4333321363162994,0.5199285406271175,0.44879196065854127,0.45198606271777025,0.6096590909090911
58.0,0.4573975876749845,0.44948043334070287,0.5136709995517712,0.4145907473309612,0.18906424358361223,0.47326661616362975,0.41344848858729155,0.46641318124207853,0.45505221009656827,0.45403805086391025,0.4528674450549447,0.46995921444973726,0.41163746484966457,0.44351886911523375,0.47729948972916353,0.47912267051980306,0.4157674241462482,0.46879808514275967,0.45046383367619497,0.9991728701406133,0.46839091806515365,0.4514015269806066,0.4525748255141797,0.656923531148509,0.44013041008253695,0.9047529764694845,0.4659746887570136,0.3024182832846132,0.4459160200201065,0.8849074197415748,0.47577403523155587,0.4284213739361508,0.5151645824349571,0.4427113482167532,0.44524970963995364,0.6068181818181821
59.0,0.45196253997895636,0.44461640504090216,0.508650829224563,0.4097139844470803,0.18762952335405686,0.4678840556596622,0.40709438618136956,0.4598456043322957,0.45026301326843,0.4479712677150067,0.44874656593406614,0.4635843301230417,0.40514817218256505,0.439101350498548,0.47272013607222235,0.47308362046608166,0.4104354449663573,0.46264318686955047,0.4449592270967787,0.9991728701406133,0.462852912142152,0.44602263549529964,0.4471332943208255,0.6517567168585773,0.43457965906664836,0.9023155526389796,0.4604594556832636,0.29843210204624,0.4403528919322125,0.884241374716931,0.4702171511859623,0.4231784393291911,0.5105032957555593,0.4369071272495916,0.4404413472706162,0.6031250000000001
60.0,0.4463045159671947,0.43873535264205155,0.5030927835051547,0.40529853697113527,0.1869918699186991,0.46254136597424295,0.40049352251696474,0.4541421822790637,0.44437465651252195,0.4421471558920595,0.44393887362637346,0.4572437193679951,0.398226260004326,0.43354789852328623,0.4669632343320682,0.46737801489385356,0.4044687063602889,0.45529150282099506,0.43924643347365383,0.9977943203749654,0.4573445212240875,0.44028299753400235,0.44144555614232933,0.647328018895778,0.42879370673652756,0.8999718758788787,0.4547052291763187,0.29451235716183916,0.4345500663640039,0.8839749567070747,0.46459194479554533,0.4174686680791463,0.5056366660506373,0.4309777478788253,0.43516840882694563,0.5965909090909092
61.0,0.44069178401956655,0.4333407030731819,0.4974675033617218,0.399037827863451,0.18555714968914372,0.45727841792591983,0.3954349167180752,0.4487268118446824,0.43817225406296545,0.4367598524558338,0.43947458791208793,0.45145148575933036,0.3926022063595071,0.4263536539189697,0.4613371712678268,0.4609684709718054,0.39824806398375,0.4482817575653961,0.4335900973539074,0.9955886407499314,0.4517867719644625,0.43464027653640336,0.43583631874170375,0.6415707115441392,0.4230439392239803,0.8979094403299895,0.44897306360166744,0.29105766675524836,0.4288187922824566,0.8827760756627148,0.4588870290028359,0.4120012927783957,0.5003388159921147,0.42509008797592773,0.43052264808362395,0.5897727272727273
62.0,0.43528460836300537,0.4279460535043116,0.49159569699686306,0.39416106497957015,0.18332536266539126,0.4522945656074314,0.3893275755706355,0.4438299343242304,0.4322838973070577,0.4315181518151817,0.43372252747252704,0.44555643143571927,0.38665368808133244,0.4213050612141861,0.4558419468794974,0.45600385313623104,0.39240827726291694,0.44281073687809896,0.42812077671410265,0.9950372208436739,0.4465251727541959,0.4291536995358756,0.43039121933117364,0.6377325066430467,0.41751128061687864,0.8957532577106965,0.44346150734996703,0.2875365399946853,0.4232914399378933,0.8818436126282139,0.45327320966988904,0.40691995547096566,0.4953695147744308,0.4196509123526125,0.424878048780488,0.5829545454545455
63.0,0.4300411809383122,0.42321468052177735,0.4861721201255048,0.38921839989455675,0.18220946915351485,0.4472708424703957,0.383960518198643,0.43737757806198824,0.4273376776320952,0.42579110852261665,0.42874313186813157,0.44034684854508666,0.3820030283365779,0.4149943203332071,0.45008504513934333,0.45081693897966,0.38567982734543554,0.43802359377671407,0.42284200014820056,0.9925558312655088,0.4419249753208298,0.42355943702012694,0.4251031214763858,0.6343371715382348,0.4121848754699501,0.8926596043873631,0.4381632067771183,0.28328461334042015,0.41793581116131645,0.8807779405887844,0.4476935515093551,0.4022067009013533,0.4902154048337749,0.41435253993335275,0.41993031358885013,0.5758522727272727
64.0,0.4251809940562874,0.41874861817377856,0.4808606006275217,0.3848688546197442,0.1820500557946755,0.4422471193333598,0.3798889574336827,0.4315589353612167,0.42254848080395674,0.4213259561250243,0.4239354395604392,0.43534290708434686,0.37713605883625345,0.41057680171652117,0.4443281433991884,0.445259530954763,0.3812365113621931,0.4323816036929393,0.4179372545421822,0.9911772814998632,0.43728529121421555,0.4185789819411391,0.42023607324836193,0.6297608503100083,0.4072239369805216,0.8904096746976651,0.43322523476508795,0.2798299229338292,0.41297729313570836,0.8795790595444255,0.44265477857866786,0.3976281107480158,0.4859648042054252,0.4092627648534341,0.4154471544715448,0.5704545454545454
65.0,0.42034519520879654,0.41419411894760094,0.4754594352308389,0.38150784236193497,0.18061533556512024,0.4372233961963236,0.3748920419494136,0.4255098513653647,0.41744523828217006,0.4175888177052997,0.41904189560439525,0.43027041848030967,0.37291801860263923,0.4059068534645966,0.4383095643072086,0.43988736986402877,0.3770470991494222,0.42810736878098843,0.4130642662818144,0.9892473118279568,0.4328430404738403,0.41352853127725847,0.41543682114668196,0.6234130498966632,0.40227023545460744,0.8886284803599885,0.42827990910895875,0.27697315971299474,0.40803666298176566,0.8786465965099243,0.43760461859051,0.3931303192444428,0.48177580648473295,0.4041938495074492,0.4110336817653891,0.5642045454545457
66.0,0.41621664936277597,0.41047977006411684,0.47102196324518203,0.37742190589165675,0.1801370954886017,0.4337546349826558,0.37008019740900644,0.42130429773015265,0.41226348433697035,0.41351193942923703,0.4153502747252748,0.4262604105973878,0.36945706251351923,0.401363120030291,0.43216014653931684,0.4355525916046092,0.37273073505141513,0.4240041032655155,0.40892169697140784,0.9862145023435354,0.4288055281342549,0.4093503332866698,0.4113012574397327,0.6195748449955711,0.39805108572545134,0.8868472860223122,0.4240809783288111,0.2741163964921605,0.4038115476944327,0.8781137604902104,0.4333515526252863,0.389198118289223,0.4775457401589353,0.40006362218849845,0.40689895470383297,0.5616477272727275
67.0,0.4121752036400886,0.40632323678974147,0.4666741371582253,0.3743904046395148,0.1798182687709229,0.43012639049479634,0.36588525601480576,0.41686830279986176,0.40700321896835956,0.4092894583576007,0.41157280219780185,0.42214758199951985,0.36567164179104467,0.3979553199545626,0.42718827685463767,0.4316624059871807,0.3684143709534084,0.41870405197469673,0.4048426423523018,0.9851116625310172,0.425064165844028,0.4051452139172766,0.40721921699042263,0.6172128727487449,0.39394410893077475,0.884503609262211,0.4199813217439902,0.27112676056338053,0.39970806993442326,0.8763820434261357,0.42900169667156335,0.3856429776995723,0.4740138401199205,0.3959125351356138,0.4027409988385599,0.5579545454545455
68.0,0.40822434204566865,0.40234357727172226,0.4628641864634696,0.37023856596810323,0.178861788617886,0.42617917945855377,0.36076495990129565,0.4124323078695699,0.40386276203187527,0.40530964861192037,0.4078811813186809,0.4187544984062787,0.3608046722907201,0.3932853717026373,0.42273976187360934,0.42754992404875736,0.36435191062587235,0.41477175585570214,0.4008553311761861,0.9840088227185007,0.4213030602171767,0.4010908542691929,0.403269200576624,0.613227044582226,0.38992035721651874,0.8824411737133205,0.4159662320663006,0.2683364336965186,0.3956797212354081,0.875316371386706,0.4248852753959853,0.381953172693647,0.47048194008090527,0.39182924221801496,0.39883855981416977,0.5548295454545454
69.0,0.40440587263871547,0.3983639177537035,0.4586284177498885,0.3670093581125612,0.1783835485413676,0.42259080578924285,0.3568784700801974,0.40863002650074887,0.399780168014446,0.40152397592700434,0.40410370879120866,0.41498440552489907,0.35647847717932096,0.3897513568092893,0.417375376161193,0.42362268904449674,0.3609242097245143,0.41135236792614127,0.39701974954040015,0.9815274331403363,0.41768015794669294,0.3971657172393742,0.3994440717639837,0.6096840862119873,0.3860196338820159,0.880753726446048,0.41207983116033153,0.26574541589157585,0.3918087858070471,0.8734514453177037,0.42085995058017106,0.3784608754982579,0.46692950573933717,0.3879076122384058,0.3951451800232292,0.5514204545454545
70.0,0.4008452195968313,0.3948264426265752,0.4549529359031824,0.36305522604455,0.17774589510600977,0.418763207208644,0.3543491671807522,0.4050581864270077,0.3954620397267796,0.3981265773636188,0.4018715659340658,0.4115227747883602,0.3521522820679212,0.3867222011864193,0.4127960225042519,0.4196584046534033,0.35736955693792033,0.4063942554282787,0.39343116948189616,0.9801488833746912,0.41426456071076007,0.3935259468248929,0.3958829910223656,0.606141127841748,0.38240477060634886,0.8785975438267557,0.40844345415370586,0.2635530162104705,0.38816681513600204,0.8729186092979895,0.41730718864938166,0.3748877796531039,0.4639314975666852,0.38429887826780773,0.39117305458768875,0.5477272727272728
71.0,0.3973960547128137,0.39168693345124905,0.45112057373375175,0.36008962699354147,0.17726765502949132,0.4152944459949764,0.3507094386181367,0.40223528056227675,0.39082986574546547,0.3951659871869543,0.3983516483516483,0.4078897761935767,0.34890763573437145,0.3829357566578316,0.40900170090278676,0.41602756474380365,0.35330709661038445,0.4031458368951961,0.3899519758361882,0.9790460435621726,0.4110957551826259,0.38992386634073906,0.3924111157101467,0.6036315323294955,0.37888036937461794,0.8770975907002898,0.40497988778339095,0.26036407121977173,0.38465363714094575,0.8718529372585598,0.41377720083353275,0.37156605738499626,0.460933489394033,0.3806171352284401,0.38813008130081317,0.5457386363636366
72.0,0.3936786214489279,0.38810523988503215,0.4470640968175712,0.356662712534599,0.17631117487645454,0.41138710577728105,0.3473781616286239,0.3995852056688555,0.3864332260343879,0.3919627256843334,0.39526098901098866,0.4030572025910814,0.34555483452303726,0.3788968824940048,0.40416066989402055,0.41284131747619557,0.34962549193855486,0.39716190801846496,0.3862081376433931,0.9773917838433975,0.4072458045409678,0.38627871165049615,0.38868589697843364,0.6002361972246828,0.37511352986513863,0.8746601668697845,0.40122217564914275,0.2573744352909914,0.3808792962195775,0.870254429199415,0.4100707136268917,0.36783136424031304,0.45742212365757007,0.37696668178997367,0.38383275261324074,0.5426136363636366
73.0,0.38991241211597577,0.3847004200751715,0.44255939040788944,0.3535653090813231,0.17583293479993614,0.4080778278378056,0.3436767427513879,0.39618619656642423,0.3826646777106068,0.38822558726460865,0.3908825549450549,0.3984988175617775,0.34079601990049724,0.37586772687113457,0.3998429935889048,0.4095809714349226,0.34581693538149005,0.39322961189947037,0.3824148991351411,0.9757375241246217,0.4032576505429418,0.38263355696025386,0.38491785964060893,0.5965456155890168,0.37132136098335855,0.8715665135464512,0.39742034165030515,0.25425192665426505,0.3770441365345472,0.8690555481550567,0.4062105011443996,0.36421338025640093,0.4532331259368771,0.37337359261982617,0.3798838559814173,0.5375
74.0,0.38670015956742615,0.38111872650895406,0.4387046167637837,0.3509292210359829,0.1753546947234176,0.4047286790797812,0.34071560764959913,0.3927871874639933,0.38030933500824327,0.3851679285575616,0.3875343406593407,0.39534564897007884,0.33765952844473296,0.3727123564306448,0.39604867198743954,0.4060983290726541,0.34353180144725115,0.39049410155582154,0.3791897642546372,0.9735318444995872,0.3999506416584404,0.37947298708850724,0.3817243052681155,0.5925597874224982,0.36809729373749356,0.8686603543639254,0.39412223227220283,0.25259101780494303,0.3737742335941391,0.8679898761156263,0.40289686742048975,0.3611609868208421,0.4492905398468141,0.3704219402681515,0.3764459930313594,0.5329545454545455
75.0,0.38347745500407654,0.37762546982091555,0.4352980726131783,0.34697508896797163,0.1753546947234176,0.401857980144332,0.33763109191856844,0.3888696854476318,0.3773259009185833,0.3821588041157054,0.38461538461538447,0.39195256537683765,0.3343067272333981,0.3696832008077745,0.39303938244144976,0.4028009336445483,0.33997714866065726,0.38775859121217315,0.3759505149982883,0.9716018748276825,0.39686080947680175,0.3761778103227336,0.37850934159256683,0.5890168290522588,0.364851515601084,0.8660354363926126,0.3907910314956575,0.2513287270794581,0.37048286520773216,0.8673238310909822,0.3997426525011673,0.3578302869249829,0.4455738310848272,0.36741292364815836,0.3728222996515683,0.5298295454545453
76.0,0.380512566805795,0.37369002874198565,0.4321380546839984,0.3438117833135626,0.17487645464689922,0.3989474103903352,0.33473164713140047,0.385931558935361,0.37434246682892314,0.3793438167346149,0.3820398351648351,0.38917640607327664,0.3316028552887733,0.3669064748201435,0.3898992542195472,0.3995776369901079,0.33743811095594756,0.38536501966148096,0.37295826731922127,0.9707747449682933,0.3940276406712735,0.3731410787934915,0.37552631203345566,0.5868024800708592,0.36185903118769397,0.8637855067029148,0.3877650069491937,0.24946850916821683,0.3674490821733048,0.8669242040761964,0.3968047916737836,0.3548227816281821,0.44210353395346946,0.36464379396840785,0.3695934959349596,0.5264204545454545
77.0,0.3774361904496456,0.3710369223966397,0.4291125056028687,0.3398576512455517,0.17423880121154145,0.39599696981779003,0.33103022825416395,0.3820716672427695,0.37128052131585093,0.3766744321490975,0.3785199175824174,0.385509133906844,0.3295479126108585,0.36274138583869725,0.3875441580531204,0.396724834203994,0.33540688079217945,0.3822875705248763,0.3698672190092409,0.9688447752963887,0.39085883514313935,0.370115115815772,0.37246121347929684,0.5832595217006205,0.358754373839824,0.8614418299428143,0.384665445961746,0.24681105500930092,0.36430081676022064,0.8665245770614098,0.3935993349958442,0.3519499407476568,0.43873590833487325,0.36166085201583226,0.3664808362369343,0.5227272727272726
78.0,0.3747918307052323,0.3684280344903824,0.42633348274316474,0.33741926980361153,0.17344173441734398,0.3934452374307243,0.32917951881554613,0.37878787878787834,0.368218575802779,0.3746845272762569,0.3755151098901096,0.3823902388867944,0.3270603504218042,0.36009087466868595,0.3851890618866934,0.3939831795783778,0.33286784308746964,0.37869721319883765,0.36722430213232915,0.9660876757650954,0.3884304047384011,0.36735298235034414,0.36981716455190305,0.5806023029229408,0.3561056451933893,0.858910659041905,0.38196298175560883,0.24521658251395162,0.361596170564434,0.8661249500466246,0.39093476354775203,0.3493374510719287,0.43602538039795447,0.35891258207001553,0.36425087108013976,0.5215909090909093
79.0,0.3720115947684185,0.365553835949591,0.42355445988346074,0.33458547515487036,0.17312290769966507,0.39101311749930195,0.32689697717458344,0.3752160387141374,0.36547067598335503,0.37235488254707816,0.3731971153846153,0.37937416458169043,0.32424832359939404,0.35617821532247845,0.38204893366479115,0.391167426179097,0.33045575726799514,0.3735681313044967,0.3644296557150872,0.9644334160463202,0.3858835143139195,0.3644454734393677,0.36701254585159043,0.5788308237378206,0.3533157957584155,0.8563794881409957,0.3791685969982428,0.2426920010629815,0.35875557654399176,0.8655921140269092,0.38816770858242566,0.34653643121341604,0.4336228669993224,0.3559609297183411,0.36188153310104537,0.5178977272727273
80.0,0.3694229791029383,0.36303338492151255,0.4206633796503816,0.3324107025174641,0.17264466762314665,0.3883816434751405,0.32405922270203585,0.3722203018780965,0.36217319620004684,0.36997670355270795,0.37139423076923056,0.3768036467080233,0.3217607614103395,0.35302284488198876,0.379824676174277,0.3885739691008113,0.3282975752189917,0.37049068216789216,0.3618361391536311,0.9622277364212847,0.38358341559723647,0.36169949280122365,0.36445056591924424,0.5751402421021553,0.35069601496604047,0.8545982938033185,0.3765359924110394,0.24089821950571352,0.35609743881453515,0.8655921140269092,0.38559992712283214,0.3439149639099364,0.4310355448777182,0.35322308963949134,0.35990708478513356,0.5159090909090908
81.0,0.3670015956742596,0.3606455892107008,0.4182653518601529,0.32984051667325726,0.17216642754662834,0.3859495235437181,0.32202344231955593,0.3701463302223755,0.3587186935699143,0.3676955930887204,0.3695054945054942,0.37433594954930205,0.3191650443434998,0.35011990407673826,0.3777312573596752,0.3858693638620284,0.3256315856290463,0.36707129423833157,0.3594190522902336,0.9594706368899919,0.38137216189536066,0.35916349891776084,0.3620348828911121,0.5724830233244755,0.34825353977977913,0.8527233523952378,0.3740798752821963,0.2391044379484455,0.3536289125247303,0.8649260690022655,0.38315170976667934,0.34153589255575095,0.4291463890428963,0.35056347356289436,0.35797909407665524,0.5130681818181819
82.0,0.3648763526649154,0.35821357506080065,0.41604661586732444,0.32806115724265184,0.17200701418778877,0.38419520752761016,0.31937075879086985,0.36818757921419515,0.3561278165973146,0.3659483595418364,0.36778846153846145,0.37207389382047457,0.3167856370322301,0.3472169632714879,0.37485280648959796,0.38375754881256724,0.32309254792433634,0.3657035390665074,0.35728425294372945,0.9580920871243458,0.37948667324777907,0.35690748737387334,0.3598975208027064,0.5708591674047829,0.3461113985793838,0.8510359051279647,0.3719693794259746,0.23671272920542122,0.35145016975590226,0.8647928599973366,0.3810109429622293,0.33943512766186623,0.4272572332080741,0.34820110869485854,0.35667828106852556,0.5105113636363638
83.0,0.36271626960623804,0.3563121821799689,0.4133572389063206,0.32614999340977985,0.17168818747010986,0.38232127905585866,0.31690314620604565,0.36553750432077403,0.35440056528224845,0.36371578334304,0.3665865384615385,0.36991465880659424,0.3144062297209603,0.34406159283099796,0.3723668716472587,0.3814234374421107,0.32194998095721694,0.3639938451017269,0.35511769625157447,0.9564378274055696,0.37749259624876624,0.3546568601057474,0.35772804475971653,0.5690876882196633,0.3439077431891124,0.8500046873535196,0.3697779934846711,0.2351182567100718,0.3492356512437438,0.8646596509924079,0.3789100308589262,0.3371817430962037,0.42545021458346177,0.3458283139598551,0.35512195121951234,0.5076704545454545
84.0,0.36061541463142704,0.35357063895644475,0.4109367996414166,0.3239752207723738,0.17168818747010986,0.3803676089470117,0.31548426896977155,0.3632907016937435,0.35243777969694534,0.36177441273539124,0.36478365384615347,0.3680981595092024,0.3118105126541208,0.3416635112962258,0.37014261415674465,0.37934867177948234,0.3196648470229781,0.3612583347580784,0.3530393544084488,0.9525778880617592,0.37570582428430394,0.3523846957345772,0.35561209197436583,0.5676114555653974,0.34182711617859357,0.8473797693822072,0.36765279034025294,0.2334573478607494,0.34708552906958023,0.8643932329825511,0.37698561814641507,0.3348026717420188,0.4237047988665066,0.3436015373623908,0.3531475029036009,0.505965909090909
85.0,0.35888734818448526,0.35215564890559353,0.409211116091439,0.322459470146303,0.17136936075243087,0.37845380965671205,0.3139420111042565,0.36127434036179235,0.3493758341838735,0.35997864492331616,0.3634100274725276,0.3661445659252147,0.31040449924291574,0.3396440742143126,0.3687033887217058,0.37779259753251127,0.31801447251491655,0.3595486407932983,0.3513209291493616,0.950096498483596,0.3739091806515302,0.35069403314560166,0.35388150664402057,0.5659875996457037,0.34009024493503015,0.8458798162557423,0.36590262304484994,0.23212862078129168,0.3453146297747206,0.864260023977622,0.37534588187066614,0.33293532516967683,0.42171297151892223,0.34187539437934467,0.35175377468060426,0.5036931818181817
86.0,0.3573230299694104,0.3503426929029408,0.40759748991483663,0.3209437195202318,0.17105053403475196,0.3766994936406043,0.31295496607032713,0.36006452356262214,0.34717751432833455,0.3581828771112403,0.36169299450549464,0.36436234019947217,0.309106640709496,0.3382557112204971,0.367002485934842,0.37627357267237205,0.31725276120350354,0.35783894682851775,0.349764819212488,0.9478908188585621,0.3724777887462985,0.3490572133142376,0.3523293321724731,0.5639208739297309,0.3385234423340653,0.8443798631292765,0.36430320545346234,0.23119851182567092,0.3437082988991803,0.864260023977622,0.37370614559491727,0.33148992710166236,0.4199470214994149,0.3403787084695736,0.35010452961672484,0.5022727272727273
87.0,0.3557378077247359,0.34861817377846566,0.40600627521290916,0.31949387109529437,0.17009405388171517,0.37506479008014,0.3118445404071561,0.35816338287821126,0.34552877443667995,0.35701805474665144,0.3604052197802197,0.3626143880453777,0.3072680077871513,0.3361100593209639,0.3655632604998036,0.3744952021044053,0.3158562904659132,0.3561292528637374,0.34818753771184774,0.9456851392335267,0.3709772951628827,0.34742577775863365,0.3507414755291668,0.5624446412754652,0.33696025821485814,0.8422236805099845,0.3626964342179767,0.2300026574541591,0.3420840801519758,0.8641268149726933,0.3722884569398421,0.3296405357848239,0.41822214008501174,0.3388924524267691,0.3483391405342625,0.49943181818181814
88.0,0.3542605896329948,0.34733583904488147,0.40468399820708256,0.3176486094635559,0.16977522716403612,0.3738686655237028,0.3101789019123997,0.35649268348888125,0.34388003454502614,0.35561056105610556,0.35868818681318637,0.36100353017787934,0.3057538394981615,0.3339644074214312,0.36425487374067766,0.37286502908376906,0.3143328678430873,0.3551034364848693,0.3467231712179648,0.9432037496553639,0.36964461994077014,0.34586972206368577,0.34928921113854666,0.5599350457632126,0.3354911546213439,0.8405362332427108,0.3611926139998678,0.2290061121445654,0.34057076620909493,0.8639936059677643,0.3708878488709734,0.32804251804503176,0.41664099878847577,0.3374739905192506,0.34680603948896666,0.4968750000000001
89.0,0.3528460836300543,0.3461861596285652,0.4030927835051546,0.31613285883748504,0.1688187470109994,0.372313703600335,0.3089450956199873,0.35534047701348087,0.34270236319384434,0.3540574645699863,0.35671359890109866,0.3596325873119232,0.3046722907203116,0.33270225924523517,0.3634698416852021,0.37119780667629965,0.3129363971054967,0.3535647119165672,0.3453364337912272,0.9396195202646829,0.3684402764067133,0.3443405877475426,0.3478976064399181,0.5575730735163863,0.33407270977243364,0.8392237742570535,0.35976968386684044,0.22774382141908042,0.3391254261785425,0.8637271879579062,0.3694701602158986,0.3266330304880233,0.4148545144664157,0.336211976616238,0.34527293844367013,0.49375000000000013
90.0,0.3513026694445803,0.3445942958213573,0.40116539668310214,0.31507842361934874,0.16849992029332045,0.3708783541326102,0.3078346699568168,0.35395782924300023,0.34097511187877827,0.35235876528829385,0.3553399725274722,0.3581245501593719,0.3034825870646767,0.33106146661618036,0.361507261546513,0.3698269793634914,0.31027040751555124,0.3516840485553089,0.34380855260604276,0.9368624207333897,0.36699901283316877,0.3427414578465053,0.34635613661989945,0.5559492175966928,0.33256742136134493,0.8366926033561455,0.3581996808518464,0.22668083975551412,0.3375441383233343,0.8635939789529778,0.36800692333094226,0.324963191726218,0.4130680301443559,0.33472050563995015,0.3438559814169573,0.49119318181818206
91.0,0.3498986154564395,0.343533053283219,0.39943971313312415,0.3136285751944114,0.16802168021680206,0.3697221003947206,0.3062307217766807,0.3524599608249796,0.338541257753003,0.351145408658513,0.3541380494505496,0.3568564280083622,0.3021847285312568,0.32992553325760415,0.3599371974355618,0.3684561520506838,0.3087469848927255,0.35048726277996245,0.34241828658534385,0.9343810311552259,0.3658242843040478,0.3412123235303623,0.3449431226182147,0.5549158547387065,0.3311417395489197,0.8358488797225081,0.35676204343062234,0.22588360350783945,0.33610237586711467,0.8635939789529778,0.36658923467586785,0.323580637052465,0.41179490338610625,0.33329682879894823,0.34241579558652757,0.48948863636363643
92.0,0.3482855211722983,0.34225071854963507,0.398072613177947,0.3117174113615398,0.16738402678144412,0.36808739683425673,0.30505860579888966,0.35073165111187915,0.3368140064379365,0.34968938070277644,0.35267857142857156,0.35493710799602374,0.3005624053644818,0.32727502208759285,0.3579746172968727,0.3665295839353859,0.30747746604037035,0.3484356300222263,0.34082336211489767,0.9313482216708027,0.3643731490621914,0.33951089238986515,0.3433302884546767,0.5532919988190138,0.3295423706121382,0.833880191244024,0.3551332112628416,0.2245548764283817,0.3344566916739114,0.8631943519381925,0.36505767544608786,0.3218389772686462,0.410008419064046,0.3316489098181553,0.3411614401858305,0.48778409090909114
93.0,0.34699992335189156,0.3409683838160513,0.39657104437471985,0.310531171741136,0.16690578670492576,0.36709062637055895,0.3037631091918567,0.34957944463647883,0.33540080081651835,0.34876722966414275,0.35190590659340654,0.3537718065599613,0.299372701708847,0.32538179982329896,0.35588119848227107,0.3647141639805865,0.3063348990732509,0.3474098136433581,0.33954953969491747,0.9291425420457677,0.36346495557749287,0.33801944800404937,0.342045730271327,0.5519633894301742,0.3282360986977083,0.8331302146807904,0.35387573812202616,0.22276109487111345,0.333147299468015,0.8627947249234058,0.36385634088295277,0.3204205120838865,0.4088995667262163,0.3303034569794059,0.3400232288037168,0.4855113636363636
94.0,0.3455087692404171,0.33968604908246725,0.39509188704616766,0.3091472255173323,0.16642754662840725,0.3652964395359036,0.302652683528686,0.348484848484848,0.3334380152312159,0.34760240729955366,0.35027472527472514,0.3519210336909207,0.29785853341985713,0.32323614792376615,0.3544419730472327,0.3630098921862846,0.30531928399136704,0.34587108907505587,0.33807458741915075,0.9263854425144747,0.3622211253701877,0.336393396724207,0.34055778370894774,0.5503395335104816,0.3267742320677089,0.8308802849910935,0.352342503327524,0.2220302949774116,0.33162325280213517,0.862528306913548,0.36242726517040746,0.31883147197184586,0.4075032341526522,0.3287650516017664,0.3387224157955867,0.4829545454545453
95.0,0.3440768432128099,0.3385363696661509,0.3937023756163159,0.3081586925003295,0.16578989319304943,0.3639009608867266,0.3015422578655152,0.3467565387717475,0.33139671822250094,0.3461949136090078,0.34907280219780223,0.3502416286801247,0.2961280553752974,0.32058563675375473,0.353264424964019,0.3614908673261458,0.30455757267995415,0.3441613951102753,0.33665256405280186,0.9241797628894417,0.3608588351431391,0.3349234894414353,0.3391590425759676,0.5475346914673751,0.3253774981093429,0.8285366082309922,0.3508938354401526,0.2209008769598725,0.330167180048584,0.8619954708938331,0.3610494312164797,0.3173142528818184,0.40594262715866847,0.32739873902908345,0.3371893147502906,0.4809659090909092
96.0,0.34270414526906956,0.33694450585894337,0.3923128641864638,0.30670884407539206,0.16499282639885207,0.36274470714883733,0.3003084515731029,0.34537389100126686,0.3302975582947316,0.3448359541836537,0.3470123626373626,0.34921342153065743,0.2953709712308026,0.3191972737599393,0.35090932879759235,0.3599347930791748,0.30290719817189254,0.34262267054197315,0.33528699818983126,0.9222497932175363,0.3595853899308982,0.33349665636475284,0.33778884718039465,0.5460584588131085,0.3240205674503089,0.8267554138933151,0.3494966430614689,0.21997076800425192,0.3287576157613616,0.8619954708938331,0.35973422607863936,0.3158508995583002,0.40434095155958044,0.326068930990785,0.335865272938444,0.4798295454545453
97.0,0.3413174316709811,0.33540210487498645,0.39092592366940815,0.3051784302469369,0.16330750641520703,0.3609425687882681,0.2992650345860951,0.34401122500377246,0.3288785392168923,0.3435438530363831,0.34572338065887426,0.34756653366973955,0.29444213169863015,0.3177012490427006,0.34965657831795005,0.35882155169993946,0.30157044972453184,0.34207359574943813,0.3339011412470033,0.9207854397827671,0.3583099578035732,0.3320531439418072,0.33639773729125033,0.5449033034151957,0.32263578174877344,0.8253404290773604,0.3480663571760971,0.21935898280275667,0.3273347528918977,0.8619954708938331,0.3584270478939413,0.31433618909246097,0.4023285983256345,0.3249438014802607,0.33400175542214006,0.4772991325582791
98.0,0.3398358234934913,0.33423168332861647,0.38929652683241356,0.30298833510287343,0.16312401483496525,0.35979160396432575,0.29814524025649314,0.3426571166589435,0.3269853239417949,0.3413712877261152,0.34432571177951393,0.34617451757196654,0.29343160529211404,0.31549906848094433,0.34875617511198104,0.3575203735842621,0.3002816871188715,0.33929089363410286,0.3324327805608701,0.9182566778472153,0.3569752893074707,0.33050242059784907,0.3349104697269247,0.5437747498009423,0.3211436455936752,0.8241433372102912,0.34655380323204493,0.21843431782985248,0.3258175917402302,0.8618413780316787,0.3570796515570343,0.3126374713210699,0.4004540492235608,0.3236131959792459,0.3321378333486071,0.47622089656605415
99.0,0.33813774498246635,0.33270680069092295,0.3875399056689973,0.3009153443044138,0.16231245257210467,0.35850534769389725,0.29675959235444893,0.3400178122832693,0.32528383924420945,0.3395710027026463,0.3427671731552287,0.34462375498204995,0.29173383322677876,0.3143780058010629,0.34675661749069875,0.35561685214128796,0.2991582387972082,0.3366826356433217,0.3307711856974026,0.9137073879036124,0.35527533895221075,0.32881272207959356,0.333214269103487,0.5421860923516075,0.3195096831578882,0.8207789964256457,0.34483024714689237,0.2172131616155696,0.32407273384498775,0.8618413780316787,0.35544832319966707,0.3108255264325468,0.39785091960705893,0.3221633734599704,0.3298705348983909,0.4748931431369666
100.0,0.3366665662678368,0.33117506019282583,0.38597415516900224,0.2994986053952596,0.1616285517887952,0.3565307515782981,0.2958136765283411,0.33898927340063756,0.3242764219857106,0.33769107301780493,0.34151893144672457,0.3430369981245787,0.28889840720189636,0.3140245735292235,0.3448873095796977,0.354333641033781,0.29748800049126845,0.335698183492318,0.3293267026964242,0.9101444041552877,0.35376147928594154,0.32736886811976407,0.3317521481816289,0.5405014126239481,0.31808549062239133,0.8180795095109095,0.34330561765414075,0.21663874071216607,0.3225666065440553,0.8616485723542676,0.35403984934745913,0.3092440266894461,0.3958997368673593,0.3208915943041976,0.32759721601443414,0.47154095624423503
101.0,0.33516608657069324,0.330100049177268,0.38450657282995676,0.2975649702097808,0.1608661529596027,0.3551447564314741,0.29465965698401764,0.3375347999735755,0.32312423572520066,0.3363621961100959,0.33998244545657547,0.3416046933307397,0.2869828662258744,0.3116679163169968,0.3434477084067351,0.3526891078908184,0.2954163570338084,0.3327105782994252,0.3278528818963618,0.9065576281783213,0.3524507206062505,0.3258079891692921,0.3302682247953389,0.5384145345829292,0.3166195768194258,0.8156618382600465,0.34176999556000326,0.2157541398925982,0.3210237870136008,0.8616485723542676,0.3525580518071736,0.30770572651728123,0.3935064517892556,0.3196196947750183,0.3254804079502416,0.4651783346457373
102.0,0.33360410086521997,0.32861571220869645,0.3829739763091675,0.2956550538412968,0.16057044311960345,0.3534583362627949,0.2927723253139839,0.3356001770472268,0.3216303650098738,0.3348474775236166,0.338493471242897,0.33990077189716705,0.28596950864739334,0.3102969430780657,0.34201068870628853,0.35077472024882206,0.2946863330872667,0.3320750280065896,0.3263182686459805,0.9028573929612675,0.3510987336043436,0.324182264249121,0.32871611732506034,0.536718740773219,0.3150811355011949,0.8134191132394496,0.34016267022452207,0.2149535679449449,0.3194149553901708,0.8616485723542676,0.35116636120094463,0.3058535795351192,0.39200119256155347,0.3181816547458761,0.32301888544253937,0.46094944069441257
103.0,0.33178950101765137,0.3268292178505699,0.381254735223846,0.29374760188103044,0.15910404637878514,0.3514411940065614,0.2916976497622285,0.3332866316255711,0.3204061058717177,0.3326768524560805,0.33668334572822917,0.33799592560767394,0.28523875181098585,0.308259345890874,0.3408384155659071,0.3484797673735152,0.2931980182736946,0.32946905805586507,0.32456975571367974,0.8958977354121617,0.34964607482307103,0.32224960120095864,0.32688969018179354,0.5362075800677207,0.3133637509488062,0.8090814287859118,0.3382786129463433,0.21424687128320805,0.3175506819591951,0.8613600095370032,0.34954832164363975,0.30370512786656717,0.3901841584901532,0.316397752254418,0.3216605217527054,0.4579691641381987
104.0,0.3297288209281181,0.32534419300611417,0.3789729113721318,0.29132992614538405,0.15821020342160091,0.3500656903118194,0.28976203164834513,0.3294345750791448,0.31827006516590634,0.33038450549686554,0.3356974501331244,0.336010494995713,0.28275030032299475,0.3068272467229723,0.33896567701884156,0.3460832200517842,0.2905429262582794,0.32854358317368576,0.32254391696129264,0.8911196141566299,0.34824172529941844,0.31996597471925403,0.3248370870357975,0.5342902704846421,0.31128475823539314,0.8072965028478409,0.3361954192143192,0.2126788635758791,0.31542106511889184,0.8613600095370032,0.34756691957155467,0.30150724438824095,0.38818562559038455,0.3143313687630429,0.3206495405423771,0.45434407840623414
105.0,0.32746264346469484,0.32352292780353525,0.37659050420589424,0.2891739229916718,0.1570206530199347,0.34751628155215225,0.2875626993398189,0.3275303289804215,0.31615229857259697,0.32804411938945,0.33328236056382127,0.33336573472775594,0.28147855984178194,0.30476106997736285,0.3353705865050054,0.34389466680525127,0.28792069768194106,0.32600656708740267,0.32026039570931397,0.8900675248837171,0.34654954026866513,0.31750412413269913,0.32255999810042013,0.5334215058171874,0.308980630901292,0.80587207143567,0.33388660553866156,0.21119419437116083,0.3130880690751131,0.8608931477432165,0.3454088027295084,0.29905772316740464,0.38658287734269503,0.3121692928576799,0.31694528592239285,0.4511331661913489
106.0,0.3241774000849793,0.3200114633194156,0.3733451104010037,0.2865209512211061,0.1570206530199347,0.34351643267849846,0.28478239699813557,0.32354048001166785,0.3098562357276235,0.32545883298445427,0.33229777456510995,0.33077289012431765,0.27957667768068883,0.30078246593066116,0.3308890196474774,0.3394749679050614,0.28385402116100966,0.3240126431296815,0.31694805786028996,0.8885512258634716,0.3431498683019305,0.3142895185145332,0.31925864938194926,0.5321544713615647,0.3058105292545158,0.799559757560195,0.3304128639615459,0.21064987943721453,0.3096783842800853,0.8608931477432165,0.34225007228124227,0.2955669797088301,0.38356813384812083,0.3089681470290401,0.31281570564978833,0.4511331661913489
107.0,0.3211210449616138,0.31643369540652766,0.37056533581038914,0.2845219678404939,0.1570206530199347,0.34024094821910894,0.2821637082901066,0.3192993126706909,0.3040645303869203,0.3230586940981383,0.33150658938757394,0.32791043242131884,0.27760087077128454,0.29045517096308493,0.32525686612156285,0.3387542142577046,0.27396855773749196,0.3240126431296815,0.31391638078510437,0.8834150916099249,0.34025205097636874,0.3111953794599451,0.31620041885832495,0.5300675910817156,0.30279139189762355,0.7957295311766738,0.327249452586543,0.2092730828395857,0.30649712020233066,0.8608931477432165,0.3392996406236454,0.292348622366503,0.3816111535733857,0.30600030335181466,0.3080850333526271,0.44752410086181804
108.0,0.004281613932821519,0.0,0.0,0.0,0.1570206530199347,0.04860584974558699,0.0,0.0,0.0,0.0,0.0,0.0,0.0,0.0,0.0,0.0,0.0,0.3240126431296815,0.004421357475846541,0.0,0.0,0.004939609197776907,0.0042729786332206055,0.0,0.004147827286268817,0.0,0.0044222898998181465,0.0,0.00408662826936441,0.8608931477432165,0.007068742512992615,0.0,0.0,0.004707696974643304,0.0,0.0
109.0,0.0,0.0,0.0,0.0,0.1570206530199347,0.0,0.0,0.0,0.0,0.0,0.0,0.0,0.0,0.0,0.0,0.0,0.0,0.3240126431296815,0.0,0.0,0.0,0.0,0.0,0.0,0.0,0.0,0.0,0.0,0.0,0.8608931477432165,0.0,0.0,0.0,0.0,0.0,0.0
